socio;debe_entregar;va_a_recibir
AURORA VENEGAS;3395050,67;483006,38
CAMILO MONROY;7545803,11;966012,77
CRISTINA TRIVIÑO;2635790,51;0,00
DIANA ORTIZ;306108,61;35935,00
ELSY AGUDELO;3189326,38;0,00
FABIAN MARTINEZ;2990758,63;483006,38
GLORIA EMILSE;9391425,01;966012,77
HUERFANO DORA;3087016,32;966012,77
LILIANA NAVARRETE;4130750,00;8000000,00
LOPEZ AMPARO;3361455,56;0,00
LOPEZ GABRIEL;10019526,70;483006,38
LOPEZ WILSON;5886350,00;4166012,77
PAUL LEAL;625000,00;0,00
SUAREZ FERNANDO;3027544,48;0,00
TRIVIÑO MARTHA;3480233,18;966012,77
YOLANDA GARZON;7937780,57;18966012,77
SURPLUS;0,00;34528888,97
